<?xml version="1.0" encoding="UTF-8"?>
<project-private xmlns="http://www.netbeans.org/ns/project-private/1">
    <editor-bookmarks xmlns="http://www.netbeans.org/ns/editor-bookmarks/2" lastBookmarkId="0"/>
    <open-files xmlns="http://www.netbeans.org/ns/projectui-open-files/2">
        <group>
            <file>file:/C:/coolyeah/SEM3/pbo%20prak/Quiz1/src/quiz1/Quiz1.java</file>
            <file>file:/C:/coolyeah/SEM3/pbo%20prak/Quiz1/src/Handphone.java</file>
        </group>
    </open-files>
</project-private>
